id,organization,exam_name,post,vacancies,notification_date,application_start,last_date,exam_date,application_url,notification_url,source,status,last_checked
49c89ad78681cd7f,Staff Selection Commission,"ASO Grade Limited Departmental Competitive Examination, 2025",,,2026-03-16,,2026-04-07,2026-05-01,https://ssc.gov.in,https://ssc.gov.in/api/attachment/uploads/masterData/ExamCalendar/Tentative_Calendar2026_27_08012026.pdf,SSC,Upcoming,2026-10-08
3eb35f4b4e78c1c8,Staff Selection Commission,"Combined Graduate Level Examination, 2026",,,2026-03-01,,2026-04-01,May – June 2026,https://ssc.gov.in,https://ssc.gov.in/api/attachment/uploads/masterData/ExamCalendar/Tentative_Calendar2026_27_08012026.pdf,SSC,Upcoming,2026-10-08
937c761766e5e1ed,Staff Selection Commission,"Combined Higher Secondary (10+2) Level Examination, 2026",,,2026-04-01,,2026-05-01,July – September 2026,https://ssc.gov.in,https://ssc.gov.in/api/attachment/uploads/masterData/ExamCalendar/Tentative_Calendar2026_27_08012026.pdf,SSC,Upcoming,2026-10-08
cb98754822e27ca7,Staff Selection Commission,"Combined Hindi Translators Examination, 2026",,,2026-04-01,,2026-05-01,August – September 2026,https://ssc.gov.in,https://ssc.gov.in/api/attachment/uploads/masterData/ExamCalendar/Tentative_Calendar2026_27_08012026.pdf,SSC,Upcoming,2026-10-08
04e6554cb154a5f4,Staff Selection Commission,"Constables (GD) in Central Armed Police Forces (CAPFs), NIA, SSF and Rifleman (GD) in Assam Rifles Examination, 2027",,,2026-09-01,,2026-10-01,January – March 2027,https://ssc.gov.in,https://ssc.gov.in/api/attachment/uploads/masterData/ExamCalendar/Tentative_Calendar2026_27_08012026.pdf,SSC,Upcoming,2026-10-08
db494908cd669c36,Staff Selection Commission,"JSA / LDC Grade Limited Departmental Competitive Examination, 2025 (for DoPT only)",,,2026-03-16,,2026-04-07,2026-05-01,https://ssc.gov.in,https://ssc.gov.in/api/attachment/uploads/masterData/ExamCalendar/Tentative_Calendar2026_27_08012026.pdf,SSC,Upcoming,2026-10-08
d78f59d98c7470d5,Staff Selection Commission,"Junior Engineer (Civil, Mechanical & Electrical) Examination, 2026",,,2026-03-01,,2026-04-01,May – June 2026,https://ssc.gov.in,https://ssc.gov.in/api/attachment/uploads/masterData/ExamCalendar/Tentative_Calendar2026_27_08012026.pdf,SSC,Upcoming,2026-10-08
c107e5d84244f9cb,Staff Selection Commission,"Multi-Tasking (Non- Technical) Staff & Havaldar (CBIC & CBN) Examination, 2026",,,2026-06-01,,2026-07-01,September – November 2026,https://ssc.gov.in,https://ssc.gov.in/api/attachment/uploads/masterData/ExamCalendar/Tentative_Calendar2026_27_08012026.pdf,SSC,Upcoming,2026-10-08
e7a401a7cbea608b,Staff Selection Commission,"SSA / UDC Grade Limited Departmental Competitive Examination, 2025(for DoPT only)",,,2026-03-16,,2026-04-07,2026-05-01,https://ssc.gov.in,https://ssc.gov.in/api/attachment/uploads/masterData/ExamCalendar/Tentative_Calendar2026_27_08012026.pdf,SSC,Upcoming,2026-10-08
d328f97a059fb443,Staff Selection Commission,"Selection Post Examination, Phase-XIV, 2026",,,2026-03-01,,2026-04-01,May – July 2026,https://ssc.gov.in,https://ssc.gov.in/api/attachment/uploads/masterData/ExamCalendar/Tentative_Calendar2026_27_08012026.pdf,SSC,Upcoming,2026-10-08
bb7d9cbb0fcc77c6,Staff Selection Commission,"Stenographer Grade ‘C’ & ‘D’ Examination, 2026",,,2026-04-01,,2026-05-01,August – September 2026,https://ssc.gov.in,https://ssc.gov.in/api/attachment/uploads/masterData/ExamCalendar/Tentative_Calendar2026_27_08012026.pdf,SSC,Upcoming,2026-10-08
338ee7f7b6f96e4b,Staff Selection Commission,"Sub-Inspector in Delhi Police & Central Armed Police Forces Examination, 2026",,,2026-05-01,,2026-06-01,October – November 2026,https://ssc.gov.in,https://ssc.gov.in/api/attachment/uploads/masterData/ExamCalendar/Tentative_Calendar2026_27_08012026.pdf,SSC,Upcoming,2026-10-08
23709ed0cfc9d20c,Union Public Service Commission,Date / (s) of Examination,,,,,,,https://upsconline.nic.in,https://www.upsc.gov.in/exams-related-info/exam-notification/archives,UPSC,Published,2026-10-08
ba19835a6d9f08b6,Union Public Service Commission,Duration of Examination,,,,,,,https://upsconline.nic.in,https://www.upsc.gov.in/exams-related-info/exam-notification/archives,UPSC,Published,2026-10-08
600a5f5ac5cb10c7,Union Public Service Commission,Examination,,,,,,,https://upsconline.nic.in,https://www.upsc.gov.in/exams-related-info/exam-notification/archives,UPSC,Published,2026-10-08
a16426271ecd5e82,Union Public Service Commission,Forthcoming Examinations,,,,,,,https://upsconline.nic.in,https://www.upsc.gov.in/exams-related-info/exam-notification/archives,UPSC,Published,2026-10-08
f1fcda26666e5308,Union Public Service Commission,Name of Examination,,,,,,,https://upsconline.nic.in,https://www.upsc.gov.in/exams-related-info/exam-notification/archives,UPSC,Published,2026-10-08
0ba79e68256911eb,Union Public Service Commission,Name of Examination: CISF AC(EXE) LDCE-2025,,,,,,,https://upsconline.nic.in,https://www.upsc.gov.in/exams-related-info/exam-notification/archives,UPSC,Published,2026-10-08
212bdecc1aa07509,Union Public Service Commission,Name of Examination: CISF AC(EXE) LDCE-2026,,,,,,,https://upsconline.nic.in,https://www.upsc.gov.in/exams-related-info/exam-notification/archives,UPSC,Published,2026-10-08
71f0ad9a6d1089ae,Union Public Service Commission,"Name of Examination: Central Armed Police Forces (ACs) Examination, 2025",,,,,,,https://upsconline.nic.in,https://www.upsc.gov.in/exams-related-info/exam-notification/archives,UPSC,Published,2026-10-08
c08a4a563ddf6781,Union Public Service Commission,"Name of Examination: Central Armed Police Forces (ACs) Examination, 2026",,,,,,,https://upsconline.nic.in,https://www.upsc.gov.in/exams-related-info/exam-notification/archives,UPSC,Published,2026-10-08
4d368dd857cf6b2d,Union Public Service Commission,"Name of Examination: Civil Services (Preliminary) Examination, 2025",,,,,,,https://upsconline.nic.in,https://www.upsc.gov.in/exams-related-info/exam-notification/archives,UPSC,Published,2026-10-08
2a87784a63181542,Union Public Service Commission,"Name of Examination: Civil Services (Preliminary) Examination, 2026",,,,,,,https://upsconline.nic.in,https://www.upsc.gov.in/exams-related-info/exam-notification/archives,UPSC,Published,2026-10-08
dcad90eb1cbb161a,Union Public Service Commission,"Name of Examination: Combined Defence Services Examination (I), 2025",,,,,,,https://upsconline.nic.in,https://www.upsc.gov.in/exams-related-info/exam-notification/archives,UPSC,Published,2026-10-08
77e5181f5373b2af,Union Public Service Commission,"Name of Examination: Combined Defence Services Examination (I), 2026",,,,,,,https://upsconline.nic.in,https://www.upsc.gov.in/exams-related-info/exam-notification/archives,UPSC,Published,2026-10-08
6b66a7c97b27a248,Union Public Service Commission,"Name of Examination: Combined Defence Services Examination (II), 2025",,,,,,,https://upsconline.nic.in,https://www.upsc.gov.in/exams-related-info/exam-notification/archives,UPSC,Published,2026-10-08
aa40f87dc37c5c52,Union Public Service Commission,"Name of Examination: Combined Defence Services Examination (II), 2026",,,,,,,https://upsconline.nic.in,https://www.upsc.gov.in/exams-related-info/exam-notification/archives,UPSC,Published,2026-10-08
5654625112a1f003,Union Public Service Commission,"Name of Examination: Combined Geo-Scientist (Preliminary) Examination, 2025",,,,,,,https://upsconline.nic.in,https://www.upsc.gov.in/exams-related-info/exam-notification/archives,UPSC,Published,2026-10-08
57cdf7ddd7a942cc,Union Public Service Commission,"Name of Examination: Combined Geo-Scientist (Preliminary) Examination, 2026",,,,,,,https://upsconline.nic.in,https://www.upsc.gov.in/exams-related-info/exam-notification/archives,UPSC,Published,2026-10-08
2ebe86f0a99b1c25,Union Public Service Commission,"Name of Examination: Combined Medical Services Examination, 2025",,,,,,,https://upsconline.nic.in,https://www.upsc.gov.in/exams-related-info/exam-notification/archives,UPSC,Published,2026-10-08
c8aa2a0a3be0ac7c,Union Public Service Commission,"Name of Examination: Combined Medical Services Examination, 2026",,,,,,,https://upsconline.nic.in,https://www.upsc.gov.in/exams-related-info/exam-notification/archives,UPSC,Published,2026-10-08
f06b58d3bf303f1e,Union Public Service Commission,"Name of Examination: Combined Section Officer (Grade-B) LDCE, 2024",,,,,,,https://upsconline.nic.in,https://www.upsc.gov.in/exams-related-info/exam-notification/archives,UPSC,Published,2026-10-08
3701a2c45237153c,Union Public Service Commission,"Name of Examination: Combined Section Officers' (Grade 'B') LDCE-2025 and Combined Stenographers' (Grade 'B'-Grade-'I') LDCE-2019, 2020 & 2021",,,,,,,https://upsconline.nic.in,https://www.upsc.gov.in/exams-related-info/exam-notification/archives,UPSC,Published,2026-10-08
973c81118e32e7d1,Union Public Service Commission,"Name of Examination: Engineering Services (Preliminary) Examination, 2025",,,,,,,https://upsconline.nic.in,https://www.upsc.gov.in/exams-related-info/exam-notification/archives,UPSC,Published,2026-10-08
f84151086c505af2,Union Public Service Commission,"Name of Examination: Engineering Services (Preliminary) Examination, 2026",,,,,,,https://upsconline.nic.in,https://www.upsc.gov.in/exams-related-info/exam-notification/archives,UPSC,Published,2026-10-08
e31bb557da19be3a,Union Public Service Commission,"Name of Examination: Indian Economic Service - Indian Statistical Service Examination, 2025",,,,,,,https://upsconline.nic.in,https://www.upsc.gov.in/exams-related-info/exam-notification/archives,UPSC,Published,2026-10-08
5bc094a218de5f9c,Union Public Service Commission,"Name of Examination: Indian Economic Service - Indian Statistical Service Examination, 2026",,,,,,,https://upsconline.nic.in,https://www.upsc.gov.in/exams-related-info/exam-notification/archives,UPSC,Published,2026-10-08
0c45f4f8ded02d47,Union Public Service Commission,"Name of Examination: Indian Forest Service (Preliminary) Examination, 2025 through CS(P) Examination 2025",,,,,,,https://upsconline.nic.in,https://www.upsc.gov.in/exams-related-info/exam-notification/archives,UPSC,Published,2026-10-08
353d74d3b8eebe66,Union Public Service Commission,"Name of Examination: Indian Forest Service (Preliminary) Examination, 2026 through CS(P) Examination, 2026",,,,,,,https://upsconline.nic.in,https://www.upsc.gov.in/exams-related-info/exam-notification/archives,UPSC,Published,2026-10-08
26c2e296070079f6,Union Public Service Commission,"Name of Examination: National Defence Academy and Naval Academy Examination (I), 2025",,,,,,,https://upsconline.nic.in,https://www.upsc.gov.in/exams-related-info/exam-notification/archives,UPSC,Published,2026-10-08
641da92514dabcb9,Union Public Service Commission,"Name of Examination: National Defence Academy and Naval Academy Examination (I), 2026",,,,,,,https://upsconline.nic.in,https://www.upsc.gov.in/exams-related-info/exam-notification/archives,UPSC,Published,2026-10-08
2cf5fdf3defabc1d,Union Public Service Commission,"Name of Examination: National Defence Academy and Naval Academy Examination (II), 2025",,,,,,,https://upsconline.nic.in,https://www.upsc.gov.in/exams-related-info/exam-notification/archives,UPSC,Published,2026-10-08
7241f7cedfba8318,Union Public Service Commission,"Name of Examination: National Defence Academy and Naval Academy Examination (II), 2026",,,,,,,https://upsconline.nic.in,https://www.upsc.gov.in/exams-related-info/exam-notification/archives,UPSC,Published,2026-10-08
e6f7d163ee28b263,Uttar Pradesh Public Service Commission,"07 Nov 2026 LIST OF PROVISIONALLY SELECTED CANDIDATES IN ADVT. NO. A-5/E-1/2025, ASSISTANT TEACHER TRAINED GRADUATE (M./F.) EXAM 2025, SUBJECT-SANSKRIT",,,,,,,https://uppsc.up.nic.in/,,Uttar Pradesh,Published,2026-10-08
11ef6e75da141acf,Uttar Pradesh Public Service Commission,"15 Oct 2026 NOTICE REGARDING ADVT. NO. A-7/E-1/2021, U.P. TECH. EDU.(TCHG.) SER. EXAM.-2021, TEXTILE CHEM.",,,,,,,https://uppsc.up.nic.in/,,Uttar Pradesh,Published,2026-10-08
111f228786442ec1,Uttar Pradesh Public Service Commission,"24 Oct 2026 DETAILS OF POSTS FOR ADVT. NO. A-1/E-1/2025, COMBINED STATE/UPPER SUBORDINATE SERVICES (M.) EXAM.-2025",,,,,,,https://uppsc.up.nic.in/,,Uttar Pradesh,Published,2026-10-08
8c2b734e55c33b12,Uttar Pradesh Public Service Commission,"24 Oct 2026 FORMAT OF PREFERENCE SHEET FOR ADVT. NO. A-1/E-1/2025, COMBINED STATE/UPPER SUBORDINATE SERVICES (M.) EXAM.-2025",,,,,,,https://uppsc.up.nic.in/,,Uttar Pradesh,Published,2026-10-08
459c6691c7e6118e,Uttar Pradesh Public Service Commission,"CLICK HERE FOR DOWNLOAD INTERVIEW LETTER FOR ADVT. NO. A-1/E-1/2025, COMBINED STATE/UPPER SUBORDINATE SERVICES EXAM.-2025.",,,,,,,https://uppsc.up.nic.in/,,Uttar Pradesh,Published,2026-10-08
5b72143004dd26d0,Uttar Pradesh Public Service Commission,"Click here to view List of Candidates who are not selected in P.C.S. Examination-2022, but Qualified for Interview in P.C.S - 2022 (In Merit Order).",,,,,,,https://uppsc.up.nic.in/,https://uppsc.up.nic.in/Open_PDF.aspx?I4PnQ0tBagk9q6upnHHyW7Pdh9qfF6wa,Uttar Pradesh,Published,2026-10-08
b15dd9200d2fa613,Uttar Pradesh Public Service Commission,"NOTICE REGARDING ADVT. NO. A-7/E-1/2021, U.P. TECH. EDU.(TCHG.) SER. EXAM.-2021,..",,,,,,,https://uppsc.up.nic.in/,,Uttar Pradesh,Published,2026-10-08
9790dee5492cc482,Uttar Pradesh Public Service Commission,UPPSC Exam Calendar 2026,,,,,,,https://uppsc.up.nic.in/,,Uttar Pradesh,Published,2026-10-08
93ba3dd92ce675d6,Uttar Pradesh Public Service Commission,{{'ActiveExam_HM' | translate }},,,,,,,https://uppsc.up.nic.in/,https://uppsc.up.nic.in/FooterPages/Upcoming-Exams,Uttar Pradesh,Published,2026-10-08
6e387d83806f6e79,Uttar Pradesh Public Service Commission,{{'DownloadExamDistSlip_HM' | translate }},,,,,,,https://uppsc.up.nic.in/,https://uppsc.up.nic.in/CandidatePages/Advertismentwise_DownloadDocument.aspx?inptprmtr=dc,Uttar Pradesh,Published,2026-10-08
d6bce145f6ddf1d7,Uttar Pradesh Public Service Commission,{{'ExamCal_HM' | translate }},,,,,,,https://uppsc.up.nic.in/,https://uppsc.up.nic.in/PublicPages/Examinations_Details.aspx?ID=EC,Uttar Pradesh,Published,2026-10-08
ccbde741f825060a,Uttar Pradesh Public Service Commission,{{'ExaminationAndInterviewOnly_HM' | translate }},,,,,,,https://uppsc.up.nic.in/,https://uppsc.up.nic.in/PublicPages/Recruitment_Details.aspx?ID=EI,Uttar Pradesh,Published,2026-10-08
2fdfe336e0b8cc7d,Uttar Pradesh Public Service Commission,{{'ExaminationOnly_HM' | translate }},,,,,,,https://uppsc.up.nic.in/,https://uppsc.up.nic.in/PublicPages/Recruitment_Details.aspx?ID=EO,Uttar Pradesh,Published,2026-10-08
4f4f44e13f25a469,Uttar Pradesh Public Service Commission,{{'Examinations_HM' | translate }},,,,,,,https://uppsc.up.nic.in/,https://uppsc.up.nic.in/#,Uttar Pradesh,Published,2026-10-08
7aff18f87e02c88c,Uttar Pradesh Public Service Commission,{{'ForthcomExam_HM' | translate }},,,,,,,https://uppsc.up.nic.in/,https://uppsc.up.nic.in/FooterPages/Upcoming-Exams,Uttar Pradesh,Published,2026-10-08
4dfd1f09013320a2,Uttar Pradesh Public Service Commission,{{'OnlineNotifications_HM' | translate }},,,,,,,https://uppsc.up.nic.in/,https://uppsc.up.nic.in/CandidatePages/Notifications.aspx,Uttar Pradesh,Published,2026-10-08
7cf265b39f66de8c,Uttar Pradesh Public Service Commission,{{'PreExamMainExamInt_HM' | translate }},,,,,,,https://uppsc.up.nic.in/,https://uppsc.up.nic.in/PublicPages/Recruitment_Details.aspx?ID=EIM,Uttar Pradesh,Published,2026-10-08
f0e805b66f674501,Uttar Pradesh Public Service Commission,{{'Recruitment_HM' | translate }},,,,,,,https://uppsc.up.nic.in/,https://uppsc.up.nic.in/#,Uttar Pradesh,Published,2026-10-08
