id,organization,exam_name,post,vacancies,notification_date,application_start,last_date,exam_date,application_url,notification_url,source,status,last_checked
cdafd116f2d552cd,Madhya Pradesh Public Service Commission,"Additional Obtained Mark List - Assistant Manager Exam 2024, Dated 17/09/2026",,,,,,,https://mppsc.mp.gov.in/,https://mppsc.mp.gov.in/uploads/files/Additional_Obtained_Mark_List_Assistant_Manager_Exam_2024_Dated_17_09_2026.pdf,Madhya Pradesh,Published,2026-09-27
edcda8914e5fac86,Madhya Pradesh Public Service Commission,"Additional Selection List - Assistant Manager Exam 2024, Dated 17/09/2026",,,,,,,https://mppsc.mp.gov.in/,https://mppsc.mp.gov.in/uploads/files/Additional_Selection_List_Assistant_Manager_Exam_2024_Dated_17_09_2026.pdf,Madhya Pradesh,Published,2026-09-27
b2292e43fc5ff648,Madhya Pradesh Public Service Commission,Admit Card - Assistant Professor (Chemistry) Exam 2025,,,,,,,https://mppsc.mp.gov.in/,https://mppsc.mponline.gov.in/portal/Examinations/MPPSC/2025/ASP25/Admitcard/Phase4/ASP25Login.aspx?Pid=AP55,Madhya Pradesh,Published,2026-09-27
7e75133fefc7786f,Madhya Pradesh Public Service Commission,Admit Card - Assistant Professor (History) Exam 2025,,,,,,,https://mppsc.mp.gov.in/,https://mppsc.mponline.gov.in/portal/Examinations/MPPSC/2025/ASP25/Admitcard/Phase4/ASP25Login.aspx?Pid=AP64,Madhya Pradesh,Published,2026-09-27
eca9503eb58d67e2,Madhya Pradesh Public Service Commission,Admit Card - Assistant Professor (Mathematics) Exam 2025,,,,,,,https://mppsc.mp.gov.in/,https://mppsc.mponline.gov.in/portal/Examinations/MPPSC/2025/ASP25/Admitcard/Phase4/ASP25Login.aspx?Pid=AP58,Madhya Pradesh,Published,2026-09-27
b43167bc478df35b,Madhya Pradesh Public Service Commission,Admit Card - Assistant Professor (Physics) Exam 2025,,,,,,,https://mppsc.mp.gov.in/,https://mppsc.mponline.gov.in/portal/Examinations/MPPSC/2025/ASP25/Admitcard/Phase4/ASP25Login.aspx?Pid=AP54,Madhya Pradesh,Published,2026-09-27
48cd5f38f3301d2d,Madhya Pradesh Public Service Commission,Advertisements,,,,,,,https://mppsc.mp.gov.in/,https://mppsc.mp.gov.in/Advertisement,Madhya Pradesh,Published,2026-09-27
701eb349639a5452,Madhya Pradesh Public Service Commission,"Caveat Vigyapti on Selection List of Assistant Professor (Commerce) Exam 2024, Dated 21/09/2026",,,,,,,https://mppsc.mp.gov.in/,https://mppsc.mp.gov.in/uploads/advertisement/Caveat_Vigyapti_Assistant_Professor_Commerce_Exam_2024_Dated_21_09_2026.pdf,Madhya Pradesh,Published,2026-09-27
8ea7621188c4893a,Madhya Pradesh Public Service Commission,"Caveat Vigyapti on Selection List of Assistant Professor (Mathematics) Exam 2024, Dated 26/09/2026",,,,,,,https://mppsc.mp.gov.in/,https://mppsc.mp.gov.in/uploads/advertisement/Caveat_Vigyapti_Assistant_Professor_Mathematics_Exam_2024_Dated_26_09_2026.pdf,Madhya Pradesh,Published,2026-09-27
5e0bd9e2ee7add9d,Madhya Pradesh Public Service Commission,"Caveat Vigyapti on Selection List of Assistant Professor (Sociology) Exam 2024, Dated 24/09/2026",,,,,,,https://mppsc.mp.gov.in/,https://mppsc.mp.gov.in/uploads/advertisement/Caveat_Vigyapti_Assistant_Professor_Sociology_Exam_2024_Dated_24_09_2026.pdf,Madhya Pradesh,Published,2026-09-27
3a6e445e2d6d83a0,Madhya Pradesh Public Service Commission,"Caveat Vigyapti on Selection List of Assistant Registrar Exam 2025, Dated 15/09/2026",,,,,,,https://mppsc.mp.gov.in/,https://mppsc.mp.gov.in/uploads/advertisement/Caveat_Vigyapti_Assistant_Registrar_Exam_2025_Dated_15_09_2026.pdf,Madhya Pradesh,Published,2026-09-27
cce9a31dc3c6028a,Madhya Pradesh Public Service Commission,"Caveat Vigyapti on Written Exam Result - Assistant Professor (Hindi) Exam 2025, Dated 22/09/2026",,,,,,,https://mppsc.mp.gov.in/,https://mppsc.mp.gov.in/uploads/advertisement/Caveat_Vigyapti_Written_Exam_Result_Assistant_Professor_Hindi_Exam_2025_Dated_22_09_20261.pdf,Madhya Pradesh,Published,2026-09-27
c8b9caeeb63442f0,Madhya Pradesh Public Service Commission,Exam Calendar,,,,,,,https://mppsc.mp.gov.in/,https://mppsc.mp.gov.in/calendar,Madhya Pradesh,Published,2026-09-27
a495e2fa04d37c7f,Madhya Pradesh Public Service Commission,Examination,,,,,,,https://mppsc.mp.gov.in/,,Madhya Pradesh,Published,2026-09-27
fe322fe3e04c6510,Madhya Pradesh Public Service Commission,Examination Rules,,,,,,,https://mppsc.mp.gov.in/,https://mppsc.mp.gov.in/examination-rules,Madhya Pradesh,Published,2026-09-27
23d5138b2f77f297,Madhya Pradesh Public Service Commission,Objection Link - Assistant Town Planner Exam 2026,,,,,,,https://mppsc.mp.gov.in/,https://mppsc.co.in/candidate-login/Grievance,Madhya Pradesh,Published,2026-09-27
7e34fe1e56817a04,Madhya Pradesh Public Service Commission,"Obtained Mark List - Assistant Professor (Commerce) Exam 2024, Dated 21/09/2026",,,,,,,https://mppsc.mp.gov.in/,https://mppsc.mp.gov.in/uploads/files/Obtained_Mark_List_Assistant_Professor_Commerce_Exam_2024_Dated_21_09_2026.pdf,Madhya Pradesh,Published,2026-09-27
844299acdaa46970,Madhya Pradesh Public Service Commission,"Obtained Mark List - Assistant Professor (Mathematics) Exam 2024, Dated 26/09/2026",,,,,,,https://mppsc.mp.gov.in/,https://mppsc.mp.gov.in/uploads/files/Obtained_Mark_List_Assistant_Professor_Mathematics_Exam_2024_Dated_26_09_2026.pdf,Madhya Pradesh,Published,2026-09-27
d6eb0d9309138f0f,Madhya Pradesh Public Service Commission,"Obtained Mark List - Assistant Professor (Sociology) Exam 2024, Dated 24/09/2026",,,,,,,https://mppsc.mp.gov.in/,https://mppsc.mp.gov.in/uploads/files/Obtained_Mark_List_Assistant_Professor_Sociology_Exam_2024_Dated_24_09_2026.pdf,Madhya Pradesh,Published,2026-09-27
1b81c75314e1a623,Madhya Pradesh Public Service Commission,"Obtained Mark List - Assistant Registrar Exam 2025, Dated 15/09/2026",,,,,,,https://mppsc.mp.gov.in/,https://mppsc.mp.gov.in/uploads/files/Obtained_Mark_List_Assistant_Registrar_Exam_2025_Dated_15_09_2026.pdf,Madhya Pradesh,Published,2026-09-27
b705d524d5a75ec4,Madhya Pradesh Public Service Commission,"Provisional Answer Key - Assistant Town Planner Exam 2026, Dated 21/09/2026",,,,,,,https://mppsc.mp.gov.in/,https://mppsc.mp.gov.in/uploads/files/Provisional_Answer_Key_Assistant_Town_Planner_2026_Dated_21_09_20261.pdf,Madhya Pradesh,Published,2026-09-27
aa2db0866713b659,Madhya Pradesh Public Service Commission,"Provisional Answer Key - Specialist Ayurved Exam 2024, Dated 21/09/2026",,,,,,,https://mppsc.mp.gov.in/,https://mppsc.mp.gov.in/uploads/files/Provisional_Answer_Key_Specialist_Ayurved_2024_Dated_21_09_2026.pdf,Madhya Pradesh,Published,2026-09-27
54e8bbd2277b7d59,Madhya Pradesh Public Service Commission,"Recruitment Advertisement for Assistant Accounts Officer/Assistant Director Farmer Welfare and Agriculture Development Department (Accounts and Establishment) 2026 (Advt. No. 08/2026), Dated 10/04/2026",,,,,,,https://mppsc.mp.gov.in/,,Madhya Pradesh,Published,2026-09-27
836b1577dffe7569,Madhya Pradesh Public Service Commission,"Recruitment Advertisement for Assistant Director /Veterinary Assistant Surgeon/Veterinary Extension Officer 2026 (Adv No./04/2026), Dated 10/03/2026",,,,,,,https://mppsc.mp.gov.in/,,Madhya Pradesh,Published,2026-09-27
6d7b37841180ff22,Madhya Pradesh Public Service Commission,"Recruitment Advertisement for Assistant Director 2026, Department of Higher Education, Government of Madhya Pradesh (Advt. No. 12/2026), Dated 06/07/2026",,,,,,,https://mppsc.mp.gov.in/,,Madhya Pradesh,Published,2026-09-27
3597486c2b618495,Madhya Pradesh Public Service Commission,"Recruitment Advertisement for Assistant Director Fisheries 2026, Department of Fishermen Welfare and Fisheries Development Government of Madhya Pradesh (Advt. No. 11/2026), Dated 06/07/2026",,,,,,,https://mppsc.mp.gov.in/,,Madhya Pradesh,Published,2026-09-27
d79c014780dcd8e1,Madhya Pradesh Public Service Commission,"Recruitment Advertisement for Assistant Director, Farmer Welfare and Agriculture Development Department (Field and Extension) 2025 (Advt. No. 35/2025), Dated 31/12/2025",,,,,,,https://mppsc.mp.gov.in/,,Madhya Pradesh,Published,2026-09-27
72661749b3f62ede,Madhya Pradesh Public Service Commission,"Recruitment Advertisement for Assistant Director, Farmers Welfare and Agriculture Development (Statistics) 2026 (Advt. No./09/2026), Dated 10/04/2026",,,,,,,https://mppsc.mp.gov.in/,,Madhya Pradesh,Published,2026-09-27
2a7efddc7300e948,Madhya Pradesh Public Service Commission,"Recruitment Advertisement for Assistant District Public Prosecution Officer 2026, Dated 10/03/2026",,,,,,,https://mppsc.mp.gov.in/,,Madhya Pradesh,Published,2026-09-27
bffd32a86de9d3fa,Madhya Pradesh Public Service Commission,"Recruitment Advertisement for Assistant Professor (Botany) Exam 2025 (Higher Education Department - Government of Madhya Pradesh) (Advt. No./25/2025), Dated 30/12/2025",,,,,,,https://mppsc.mp.gov.in/,,Madhya Pradesh,Published,2026-09-27
4fff3c807bbe5d5f,Madhya Pradesh Public Service Commission,"Recruitment Advertisement for Assistant Professor (Chemistry) Exam 2025 (Higher Education Department - Government of Madhya Pradesh) (Advt. No./24/2025), Dated 30/12/2025",,,,,,,https://mppsc.mp.gov.in/,,Madhya Pradesh,Published,2026-09-27
c91e3c6d7b05e121,Madhya Pradesh Public Service Commission,"Recruitment Advertisement for Assistant Professor (History) Exam 2025 (Higher Education Department - Government of Madhya Pradesh) (Advt. No./14/2025), Dated 30/12/2025",,,,,,,https://mppsc.mp.gov.in/,,Madhya Pradesh,Published,2026-09-27
a33de3c7c025419b,Madhya Pradesh Public Service Commission,"Recruitment Advertisement for Assistant Professor (Mathematics) Exam 2025 (Higher Education Department - Government of Madhya Pradesh) (Advt. No./27/2025), Dated 30/12/2025",,,,,,,https://mppsc.mp.gov.in/,,Madhya Pradesh,Published,2026-09-27
c6ce86a3294b42cc,Madhya Pradesh Public Service Commission,"Recruitment Advertisement for Assistant Professor (Physics) Exam 2025 (Higher Education Department - Government of Madhya Pradesh) (Advt. No./23/2025), Dated 30/12/2025",,,,,,,https://mppsc.mp.gov.in/,,Madhya Pradesh,Published,2026-09-27
9bd7a876fb877233,Madhya Pradesh Public Service Commission,Recruitment Advertisement for Assistant Research Officer Exam 2024 (Advt. No./12/2024) Dated 28/12/2024,,,,,,,https://mppsc.mp.gov.in/,,Madhya Pradesh,Published,2026-09-27
4ebf114cd9eb894b,Madhya Pradesh Public Service Commission,"Recruitment Advertisement for Assistant Town Planner, 2026 (Urban Development Department - Government of Madhya Pradesh) (Advt. No./02/2026), Dated 02/02/2026",,,,,,,https://mppsc.mp.gov.in/,,Madhya Pradesh,Published,2026-09-27
63abfa12117a8d3d,Madhya Pradesh Public Service Commission,"Recruitment Advertisement for Ayurveda Medical Officer Examination 2025 (Advt. No./31/2025), Dated 31/12/2025",,,,,,,https://mppsc.mp.gov.in/,,Madhya Pradesh,Published,2026-09-27
f95ca52991f950dc,Madhya Pradesh Public Service Commission,"Recruitment Advertisement for Inspector of Boiler Grade-2, 2026 (Industrial Policy and Investment Promotion Department - Government of Madhya Pradesh) (Advt. No./01/2026), Dated 21/01/2026",,,,,,,https://mppsc.mp.gov.in/,,Madhya Pradesh,Published,2026-09-27
e76f8a4a74cc2159,Madhya Pradesh Public Service Commission,"Recruitment Advertisement for Internal Accounts Examiner Officer Exam 2026 (Advt. No./10/2026), Dated 10/04/2026",,,,,,,https://mppsc.mp.gov.in/,,Madhya Pradesh,Published,2026-09-27
21dafa9b5164c5ac,Madhya Pradesh Public Service Commission,"Recruitment Advertisement for Scientific Officer Biology 2026 (Adv No./07/2026), Dated 16/03/2026",,,,,,,https://mppsc.mp.gov.in/,,Madhya Pradesh,Published,2026-09-27
5e7f797cbe401283,Madhya Pradesh Public Service Commission,"Recruitment Advertisement for Scientific Officer Chemistry 2026 (Adv No./06/2026), Dated 16/03/2026",,,,,,,https://mppsc.mp.gov.in/,,Madhya Pradesh,Published,2026-09-27
b03050e02df14802,Madhya Pradesh Public Service Commission,"Recruitment Advertisement for Scientific Officer Physics 2026 (Adv No./05/2026), Dated 16/03/2026",,,,,,,https://mppsc.mp.gov.in/,,Madhya Pradesh,Published,2026-09-27
666dacc1efc98d31,Madhya Pradesh Public Service Commission,Recruitment Advertisements,,,,,,,https://mppsc.mp.gov.in/,https://mppsc.mp.gov.in/Advertisement,Madhya Pradesh,Published,2026-09-27
77a6890c16aa0d18,Madhya Pradesh Public Service Commission,"Selection List - Assistant Professor (Commerce) Exam 2024, Dated 21/09/2026",,,,,,,https://mppsc.mp.gov.in/,https://mppsc.mp.gov.in/uploads/files/Selection_List_Assistant_Professor_Commerce_Exam_2024_Dated_21_09_2026.pdf,Madhya Pradesh,Published,2026-09-27
dd8ae42616a118c2,Madhya Pradesh Public Service Commission,"Selection List - Assistant Professor (Mathematics) Exam 2024, Dated 26/09/2026",,,,,,,https://mppsc.mp.gov.in/,https://mppsc.mp.gov.in/uploads/files/Selection_List_Assistant_Professor_Mathematics_Exam_2024_Dated_26_09_2026.pdf,Madhya Pradesh,Published,2026-09-27
98b21f326fea2aa9,Madhya Pradesh Public Service Commission,"Selection List - Assistant Professor (Sociology) Exam 2024, Dated 24/09/2026",,,,,,,https://mppsc.mp.gov.in/,https://mppsc.mp.gov.in/uploads/files/Selection_List_Assistant_Professor_Sociology_Exam_2024_Dated_24_09_2026.pdf,Madhya Pradesh,Published,2026-09-27
34ac27bb226bc7d9,Madhya Pradesh Public Service Commission,"Selection List - Assistant Registrar Exam 2025, Dated 15/09/2026",,,,,,,https://mppsc.mp.gov.in/,https://mppsc.mp.gov.in/uploads/files/Selection_List_Assistant_Registrar_Exam_2025_Dated_15_09_2026.pdf,Madhya Pradesh,Published,2026-09-27
bf7b284082d98ff0,Madhya Pradesh Public Service Commission,"Written Exam Result - Assistant Professor (Hindi) Exam 2025, Dated 22/09/2026",,,,,,,https://mppsc.mp.gov.in/,https://mppsc.mp.gov.in/uploads/files/Written_Exam_Result_Assistant_Professor_Hindi_Exam_2025_Dated_22_09_2026.pdf,Madhya Pradesh,Published,2026-09-27
791cf18b84c39a9e,Rajasthan Public Service Commission,03/09/2026 Question Paper for Asst. Prosecution Officer (Home Dept.) Exam- 2026 (Pre),,,,,,,https://rpsc.rajasthan.gov.in/,,Rajasthan,Published,2026-09-27
ecf42c859a750373,Rajasthan Public Service Commission,03/09/2026 Question Paper for Statistical Officer (Statistics Dept.) Exam - 2025,,,,,,,https://rpsc.rajasthan.gov.in/,,Rajasthan,Published,2026-09-27
bb314df49c98e652,Rajasthan Public Service Commission,05/08/2026 Press Note Regarding Online Detailed Application Form for Agriculture Dept. Exam - 2024 (ARO-Agriculture Chemistry),,,,,,,https://rpsc.rajasthan.gov.in/,,Rajasthan,Published,2026-09-27
a042a1b99269fa5d,Rajasthan Public Service Commission,06/08/2026 Model Answer Key for Sr. Teacher (Sec. Edu. Deptt.) Comp. Exam - 2025 (English),,,,,,,https://rpsc.rajasthan.gov.in/,,Rajasthan,Published,2026-09-27
1b6a9d3c99383d39,Rajasthan Public Service Commission,06/08/2026 Model Answer Key for Sr. Teacher (Sec. Edu. Deptt.) Comp. Exam - 2025 (G.K. Group-D),,,,,,,https://rpsc.rajasthan.gov.in/,,Rajasthan,Published,2026-09-27
f7567d6275982e37,Rajasthan Public Service Commission,06/08/2026 Model Answer Key for Sr. Teacher (Sec. Edu. Deptt.) Comp. Exam - 2025 (Gujarati),,,,,,,https://rpsc.rajasthan.gov.in/,,Rajasthan,Published,2026-09-27
9a2a606a5b03c953,Rajasthan Public Service Commission,06/08/2026 Model Answer Key for Sr. Teacher (Sec. Edu. Deptt.) Comp. Exam - 2025 (Mathematics),,,,,,,https://rpsc.rajasthan.gov.in/,,Rajasthan,Published,2026-09-27
04c6e94f769e0ca6,Rajasthan Public Service Commission,06/08/2026 Model Answer Key for Sr. Teacher (Sec. Edu. Deptt.) Comp. Exam - 2025 (Punjabi),,,,,,,https://rpsc.rajasthan.gov.in/,,Rajasthan,Published,2026-09-27
2855dea9faa2106b,Rajasthan Public Service Commission,06/08/2026 Model Answer Key for Sr. Teacher (Sec. Edu. Deptt.) Comp. Exam - 2025 (Sindhi),,,,,,,https://rpsc.rajasthan.gov.in/,,Rajasthan,Published,2026-09-27
8d447b959e3e13e8,Rajasthan Public Service Commission,06/08/2026 Model Answer Key for Sr. Teacher (Sec. Edu. Deptt.) Comp. Exam - 2025 (Urdu),,,,,,,https://rpsc.rajasthan.gov.in/,,Rajasthan,Published,2026-09-27
1cff5c2f2ced1a1a,Rajasthan Public Service Commission,"06/08/2026 Press Note Regarding Interview Dates for Asst. Prof., Librarian and PTI (College Edu.) Exam - 2023 (History and Librarian)",,,,,,,https://rpsc.rajasthan.gov.in/,,Rajasthan,Published,2026-09-27
88270bd84cbebb11,Rajasthan Public Service Commission,06/08/2026 Press Note Regarding Interview Dates for Sub Inspector (Telecom) Comp. Exam - 2024,,,,,,,https://rpsc.rajasthan.gov.in/,,Rajasthan,Published,2026-09-27
905b6f0dcc43c9e3,Rajasthan Public Service Commission,"06/08/2026 Press Note regarding Online Objection on Model Answer Key for Sr. Teacher (Sec. Edu. Deptt.) Comp. Exam - 2025 (G.K. Group-D, English, Punjabi, Sindhi, Urdu, Gujarati, Matematics))",,,,,,,https://rpsc.rajasthan.gov.in/,,Rajasthan,Published,2026-09-27
ff6a37e0d5bb693d,Rajasthan Public Service Commission,06/08/2026 Result Preamble for Archives Department Recruitment - 2024 (Assistant Archivist),,,,,,,https://rpsc.rajasthan.gov.in/,,Rajasthan,Published,2026-09-27
95fd46987c95e30a,Rajasthan Public Service Commission,"06/08/2026 Result Preamble for Asst. Prof., Librarian And Pti (College Edu.) Exam - 2023 (Chemistry)",,,,,,,https://rpsc.rajasthan.gov.in/,,Rajasthan,Published,2026-09-27
355a4d6301ee44d0,Rajasthan Public Service Commission,07/08/2026 Press Release Regarding Withdrawal of Advertisement for Physiotherapist - 2026,,,,,,,https://rpsc.rajasthan.gov.in/,,Rajasthan,Published,2026-09-27
3b718658d8b47d72,Rajasthan Public Service Commission,07/09/2026 Model Answer Key for Assistant Prosecution Officer (Pre) Exam - 2026,,,,,,,https://rpsc.rajasthan.gov.in/,,Rajasthan,Published,2026-09-27
09287355f665db80,Rajasthan Public Service Commission,07/09/2026 Model Answer Key for Statistical Officer (Statistics Dept.) Comp. Exam - 2025,,,,,,,https://rpsc.rajasthan.gov.in/,,Rajasthan,Published,2026-09-27
354dd4c66264cf42,Rajasthan Public Service Commission,"07/09/2026 Press Note Regarding Interview Dates for Asst. Prof., Librarian and PTI (College Edu.) Exam - 2023 (Librarian) (Eighth Phase)",,,,,,,https://rpsc.rajasthan.gov.in/,,Rajasthan,Published,2026-09-27
90d7ae06ad2e2f5c,Rajasthan Public Service Commission,07/09/2026 Press Note regarding Online Objection on Model Answer Key for Assistant Prosecution Officer (Pre) Exam - 2026,,,,,,,https://rpsc.rajasthan.gov.in/,,Rajasthan,Published,2026-09-27
2bbacde2effb57fb,Rajasthan Public Service Commission,07/09/2026 Press Note regarding Online Objection on Model Answer Key for Statistical Officer (Statistics Dept.) Comp. Exam - 2025,,,,,,,https://rpsc.rajasthan.gov.in/,,Rajasthan,Published,2026-09-27
231cf0951bc38cae,Rajasthan Public Service Commission,09/09/2026 Corrigendum No. 15/2026-27 for Sub Inspector Comb. Comp. Exam - 2021,,,,,,,https://rpsc.rajasthan.gov.in/,,Rajasthan,Published,2026-09-27
320516190ef22724,Rajasthan Public Service Commission,09/09/2026 Press Note Regarding Corrigendum No. 15/2026-27 for Sub Inspector Comb. Comp. Exam - 2021,,,,,,,https://rpsc.rajasthan.gov.in/,,Rajasthan,Published,2026-09-27
7539e0a17734f3cc,Rajasthan Public Service Commission,09/09/2026 Press Note Regarding Exam District Information and Admit Card for Inspector Of Factories And Boilers - 2025,,,,,,,https://rpsc.rajasthan.gov.in/,,Rajasthan,Published,2026-09-27
e75cbec68385f664,Rajasthan Public Service Commission,10/08/2026 Model Answer Key for Junior Legal Officer (Jaipur Development Authority) Exam - 2025 (Paper-I),,,,,,,https://rpsc.rajasthan.gov.in/,,Rajasthan,Published,2026-09-27
987bd5c23ac5e7f1,Rajasthan Public Service Commission,10/08/2026 Model Answer Key for Junior Legal Officer (Jaipur Development Authority) Exam - 2025 (Paper-II),,,,,,,https://rpsc.rajasthan.gov.in/,,Rajasthan,Published,2026-09-27
0c867c0787849295,Rajasthan Public Service Commission,10/08/2026 Model Answer Key for Junior Legal Officer (Jaipur Development Authority) Exam - 2025 (Paper-III),,,,,,,https://rpsc.rajasthan.gov.in/,,Rajasthan,Published,2026-09-27
0ab2687daba7a42c,Rajasthan Public Service Commission,10/08/2026 Model Answer Key for Junior Legal Officer (Jaipur Development Authority) Exam - 2025 (Paper-IV),,,,,,,https://rpsc.rajasthan.gov.in/,,Rajasthan,Published,2026-09-27
8f16165578760c52,Rajasthan Public Service Commission,"10/08/2026 Press Note Regarding online objection on Model answer key for Junior Legal Officer (Jaipur Development Authority) Exam - 2025 (Paper-I, II, III and IV)",,,,,,,https://rpsc.rajasthan.gov.in/,,Rajasthan,Published,2026-09-27
7e59a47e01bc1579,Rajasthan Public Service Commission,"10/08/2026 Result Preamble for Asst. Prof., Librarian And PTI (College Edu.) Exam - 2023 (Physics)",,,,,,,https://rpsc.rajasthan.gov.in/,,Rajasthan,Published,2026-09-27
9d163163240d8cf8,Rajasthan Public Service Commission,10/09/2026 Press Note Regarding Exam District Information and Admit Card for Sub Inspector Comb. Comp. Exam - 2021,,,,,,,https://rpsc.rajasthan.gov.in/,,Rajasthan,Published,2026-09-27
704605cf9643357d,Rajasthan Public Service Commission,14/09/2026 Press Note Regarding Subject Wise Exam Dates for Asst. Director (DNA Division) and Sr. Scientific Officer (Various 5 Division) 2025,,,,,,,https://rpsc.rajasthan.gov.in/,,Rajasthan,Published,2026-09-27
16bf994d01cc6383,Rajasthan Public Service Commission,14/09/2026 Press Note Regarding Subject Wise Exam Dates for Sr. Scientific Officer - 2026,,,,,,,https://rpsc.rajasthan.gov.in/,,Rajasthan,Published,2026-09-27
aaced9bfff689c27,Rajasthan Public Service Commission,15/09/2026 Result Preamble and Cutoff Marks (Qualified for Interview (After Physical Efficiency Test)) for Sub Inspector Comb. Comp. Exam - 2025,,,,,,,https://rpsc.rajasthan.gov.in/,,Rajasthan,Published,2026-09-27
dfb13e35744b26e8,Rajasthan Public Service Commission,17/08/2026 Appointment Letter Regarding Direct Recruitment of Fourth Class Employee -2024 (RPSC),,,,,,,https://rpsc.rajasthan.gov.in/,,Rajasthan,Published,2026-09-27
cd173cb93f250884,Rajasthan Public Service Commission,19/08/2026 Merit List (After Interview) for Sub Inspector (Telecom) Comp. Exam - 2024,,,,,,,https://rpsc.rajasthan.gov.in/,,Rajasthan,Published,2026-09-27
219407286c60c94a,Rajasthan Public Service Commission,19/08/2026 Result Preamble (After Interview) for Sub Inspector (Telecom) Comp. Exam - 2024,,,,,,,https://rpsc.rajasthan.gov.in/,,Rajasthan,Published,2026-09-27
4503a8b17e238f19,Rajasthan Public Service Commission,"20/08/2026 Press Note Regarding Interview Dates for Asst. Prof., Librarian and PTI (College Edu.) Exam - 2023 (Librarian)",,,,,,,https://rpsc.rajasthan.gov.in/,,Rajasthan,Published,2026-09-27
db833011e8a2e098,Rajasthan Public Service Commission,"20/09/2026 Model Answer Key for Sub Inspector Comb. Comp. (Re-Exam) - 2021 (Paper-I, General Hindi)",,,,,,,https://rpsc.rajasthan.gov.in/,,Rajasthan,Published,2026-09-27
055fafa841440097,Rajasthan Public Service Commission,"20/09/2026 Model Answer Key for Sub Inspector Comb. Comp. (Re-Exam) - 2021 (Paper-II, G.K. and G.S.)",,,,,,,https://rpsc.rajasthan.gov.in/,,Rajasthan,Published,2026-09-27
00e73eac33a22f25,Rajasthan Public Service Commission,20/09/2026 Press Note regarding Online Objection on Model Answer Key for Sub Inspector Comb. Comp. (Re-Exam) - 2021,,,,,,,https://rpsc.rajasthan.gov.in/,,Rajasthan,Published,2026-09-27
f37d1b44bced806e,Rajasthan Public Service Commission,20/09/2026 Question Paper for Sub Inspector Comb. Comp. (Re-Exam) - 2021 (G.K. and G.S.),,,,,,,https://rpsc.rajasthan.gov.in/,,Rajasthan,Published,2026-09-27
bb2169a2a9a32973,Rajasthan Public Service Commission,20/09/2026 Question Paper for Sub Inspector Comb. Comp. (Re-Exam) - 2021 (General Hindi),,,,,,,https://rpsc.rajasthan.gov.in/,,Rajasthan,Published,2026-09-27
f75ae439d0713f8f,Rajasthan Public Service Commission,21/08/2026 Final Answer Key for Sub Inspector (Telecom) Comp. Exam - 2024 (G.K. and G.S.),,,,,,,https://rpsc.rajasthan.gov.in/,,Rajasthan,Published,2026-09-27
52f1b7fa2a6e91c8,Rajasthan Public Service Commission,21/08/2026 Final Answer Key for Sub Inspector (Telecom) Comp. Exam - 2024 (General Hindi),,,,,,,https://rpsc.rajasthan.gov.in/,,Rajasthan,Published,2026-09-27
a3f308a0a9775978,Rajasthan Public Service Commission,21/08/2026 Final Marks (After Interview) for Sub Inspector (Telecom) Comp. Exam - 2024,,,,,,,https://rpsc.rajasthan.gov.in/,,Rajasthan,Published,2026-09-27
d8a1e9cea65c0df1,Rajasthan Public Service Commission,21/08/2026 Press Note Regarding Exam District Information and Admit Card for Statistical Officer - 2025,,,,,,,https://rpsc.rajasthan.gov.in/,,Rajasthan,Published,2026-09-27
3d900ece64fc1c94,Rajasthan Public Service Commission,22/09/2026 Press Note Regarding Interview Dates for Sub Inspector Comb. Comp. Exam - 2025 (First Phase),,,,,,,https://rpsc.rajasthan.gov.in/,,Rajasthan,Published,2026-09-27
5dc9f38567fae4e3,Rajasthan Public Service Commission,23/09/2026 Press Note Regarding Online Edit and Withdraw Application form for Raj. State And Sub. Services Comb. Comp Exam - 2026,,,,,,,https://rpsc.rajasthan.gov.in/,,Rajasthan,Published,2026-09-27
516aa92dcd7b9f98,Rajasthan Public Service Commission,24/09/2026 Final Answer Key for Biochemist (Medical Edu Dept.) Comp. Exam-2024,,,,,,,https://rpsc.rajasthan.gov.in/,,Rajasthan,Published,2026-09-27
04162bfae887ad09,Rajasthan Public Service Commission,25/08/2026 Press Note Regarding Exam District Information and Admit Card for Asst. Prosecution Officer - 2026 (Pre),,,,,,,https://rpsc.rajasthan.gov.in/,,Rajasthan,Published,2026-09-27
91123e98d814cbbe,Rajasthan Public Service Commission,"25/08/2026 Result Preamble and Cutoff Marks (Main List) for Asst. Prof., Librarian And PTI (College Edu.) Exam - 2023 (History)",,,,,,,https://rpsc.rajasthan.gov.in/,,Rajasthan,Published,2026-09-27
0e8ec3728899df8a,Rajasthan Public Service Commission,"25/08/2026 Result Preamble and Cutoff Marks (Reserve List) for Asst. Prof., Librarian And PTI (College Edu.) Exam - 2023 (History)",,,,,,,https://rpsc.rajasthan.gov.in/,,Rajasthan,Published,2026-09-27
07623ad82b479dd5,Rajasthan Public Service Commission,"25/09/2026 Press Note Regarding Interview Dates for Asst. Prof., Librarian and PTI (College Edu.) Exam - 2023 (Librarian) (Ninth Phase)",,,,,,,https://rpsc.rajasthan.gov.in/,,Rajasthan,Published,2026-09-27
ff512b7eefc9b479,Rajasthan Public Service Commission,30/07/2026 Model Answer Key for Sr. Teacher (Sec. Edu. Deptt.) Comp. Exam - 2025 (G.K. Group-C),,,,,,,https://rpsc.rajasthan.gov.in/,,Rajasthan,Published,2026-09-27
25462799688a61f1,Rajasthan Public Service Commission,30/07/2026 Model Answer Key for Sr. Teacher (Sec. Edu. Deptt.) Comp. Exam - 2025 (Sanskrit),,,,,,,https://rpsc.rajasthan.gov.in/,,Rajasthan,Published,2026-09-27
dfab6b439ceb0791,Rajasthan Public Service Commission,30/07/2026 Model Answer Key for Sr. Teacher (Sec. Edu. Deptt.) Comp. Exam - 2025 (Science),,,,,,,https://rpsc.rajasthan.gov.in/,,Rajasthan,Published,2026-09-27
bc8ae5c277b80098,Rajasthan Public Service Commission,"30/07/2026 Press Note regarding Online Objection on Model Answer Key for Sr. Teacher (Sec. Edu. Deptt.) Comp. Exam - 2025 (G.K. Group-C, Science, Sanskrit)",,,,,,,https://rpsc.rajasthan.gov.in/,,Rajasthan,Published,2026-09-27
faadb5a3b5e73849,Rajasthan Public Service Commission,31/07/2026 Press Note Regarding Online Detailed Application Form for Agriculture Dept. Exam - 2024 (ARO-Agriculture Chemistry),,,,,,,https://rpsc.rajasthan.gov.in/,,Rajasthan,Published,2026-09-27
622e89b9d49b229f,Rajasthan Public Service Commission,Computer Based Recruitment Test (CBRT),,,,,,,https://rpsc.rajasthan.gov.in/,,Rajasthan,Published,2026-09-27
712a73081ec8a709,Rajasthan Public Service Commission,Exam Dashboard,,,,,,,https://rpsc.rajasthan.gov.in/,,Rajasthan,Published,2026-09-27
0040aca3af8c5426,Rajasthan Public Service Commission,OTR/Apply Online (Recruitment Portal),,,,,,,https://rpsc.rajasthan.gov.in/,,Rajasthan,Published,2026-09-27
e9a80c6621193c37,Rajasthan Public Service Commission,Proposed Examination Dates,,,,,,,https://rpsc.rajasthan.gov.in/,,Rajasthan,Published,2026-09-27
e4823dc66a6d813a,Rajasthan Public Service Commission,Recruitment Advertisements,,,,,,,https://rpsc.rajasthan.gov.in/,,Rajasthan,Published,2026-09-27
3d8fb2bc3849a90d,Rajasthan Public Service Commission,Tentative Exam Calendar,,,,,,,https://rpsc.rajasthan.gov.in/,,Rajasthan,Published,2026-09-27
243bb5c9693fa478,Rajasthan Public Service Commission,View All Exams Dates,,,,,,,https://rpsc.rajasthan.gov.in/,,Rajasthan,Published,2026-09-27
8ab8b11f30da3b29,Rajasthan Public Service Commission,View Exam Dashboard,,,,,,,https://rpsc.rajasthan.gov.in/,,Rajasthan,Published,2026-09-27
49c89ad78681cd7f,Staff Selection Commission,"ASO Grade Limited Departmental Competitive Examination, 2025",,,2026-03-16,,2026-04-07,2026-05-01,https://ssc.gov.in,https://ssc.gov.in/api/attachment/uploads/masterData/ExamCalendar/Tentative_Calendar2026_27_08012026.pdf,SSC,Upcoming,2026-09-27
3eb35f4b4e78c1c8,Staff Selection Commission,"Combined Graduate Level Examination, 2026",,,2026-03-01,,2026-04-01,May – June 2026,https://ssc.gov.in,https://ssc.gov.in/api/attachment/uploads/masterData/ExamCalendar/Tentative_Calendar2026_27_08012026.pdf,SSC,Upcoming,2026-09-27
937c761766e5e1ed,Staff Selection Commission,"Combined Higher Secondary (10+2) Level Examination, 2026",,,2026-04-01,,2026-05-01,July – September 2026,https://ssc.gov.in,https://ssc.gov.in/api/attachment/uploads/masterData/ExamCalendar/Tentative_Calendar2026_27_08012026.pdf,SSC,Upcoming,2026-09-27
cb98754822e27ca7,Staff Selection Commission,"Combined Hindi Translators Examination, 2026",,,2026-04-01,,2026-05-01,August – September 2026,https://ssc.gov.in,https://ssc.gov.in/api/attachment/uploads/masterData/ExamCalendar/Tentative_Calendar2026_27_08012026.pdf,SSC,Upcoming,2026-09-27
04e6554cb154a5f4,Staff Selection Commission,"Constables (GD) in Central Armed Police Forces (CAPFs), NIA, SSF and Rifleman (GD) in Assam Rifles Examination, 2027",,,2026-09-01,,2026-10-01,January – March 2027,https://ssc.gov.in,https://ssc.gov.in/api/attachment/uploads/masterData/ExamCalendar/Tentative_Calendar2026_27_08012026.pdf,SSC,Upcoming,2026-09-27
db494908cd669c36,Staff Selection Commission,"JSA / LDC Grade Limited Departmental Competitive Examination, 2025 (for DoPT only)",,,2026-03-16,,2026-04-07,2026-05-01,https://ssc.gov.in,https://ssc.gov.in/api/attachment/uploads/masterData/ExamCalendar/Tentative_Calendar2026_27_08012026.pdf,SSC,Upcoming,2026-09-27
d78f59d98c7470d5,Staff Selection Commission,"Junior Engineer (Civil, Mechanical & Electrical) Examination, 2026",,,2026-03-01,,2026-04-01,May – June 2026,https://ssc.gov.in,https://ssc.gov.in/api/attachment/uploads/masterData/ExamCalendar/Tentative_Calendar2026_27_08012026.pdf,SSC,Upcoming,2026-09-27
c107e5d84244f9cb,Staff Selection Commission,"Multi-Tasking (Non- Technical) Staff & Havaldar (CBIC & CBN) Examination, 2026",,,2026-06-01,,2026-07-01,September – November 2026,https://ssc.gov.in,https://ssc.gov.in/api/attachment/uploads/masterData/ExamCalendar/Tentative_Calendar2026_27_08012026.pdf,SSC,Upcoming,2026-09-27
e7a401a7cbea608b,Staff Selection Commission,"SSA / UDC Grade Limited Departmental Competitive Examination, 2025(for DoPT only)",,,2026-03-16,,2026-04-07,2026-05-01,https://ssc.gov.in,https://ssc.gov.in/api/attachment/uploads/masterData/ExamCalendar/Tentative_Calendar2026_27_08012026.pdf,SSC,Upcoming,2026-09-27
d328f97a059fb443,Staff Selection Commission,"Selection Post Examination, Phase-XIV, 2026",,,2026-03-01,,2026-04-01,May – July 2026,https://ssc.gov.in,https://ssc.gov.in/api/attachment/uploads/masterData/ExamCalendar/Tentative_Calendar2026_27_08012026.pdf,SSC,Upcoming,2026-09-27
bb7d9cbb0fcc77c6,Staff Selection Commission,"Stenographer Grade ‘C’ & ‘D’ Examination, 2026",,,2026-04-01,,2026-05-01,August – September 2026,https://ssc.gov.in,https://ssc.gov.in/api/attachment/uploads/masterData/ExamCalendar/Tentative_Calendar2026_27_08012026.pdf,SSC,Upcoming,2026-09-27
338ee7f7b6f96e4b,Staff Selection Commission,"Sub-Inspector in Delhi Police & Central Armed Police Forces Examination, 2026",,,2026-05-01,,2026-06-01,October – November 2026,https://ssc.gov.in,https://ssc.gov.in/api/attachment/uploads/masterData/ExamCalendar/Tentative_Calendar2026_27_08012026.pdf,SSC,Upcoming,2026-09-27
23709ed0cfc9d20c,Union Public Service Commission,Date / (s) of Examination,,,,,,,https://upsconline.nic.in,https://www.upsc.gov.in/exams-related-info/exam-notification/archives,UPSC,Published,2026-09-27
ba19835a6d9f08b6,Union Public Service Commission,Duration of Examination,,,,,,,https://upsconline.nic.in,https://www.upsc.gov.in/exams-related-info/exam-notification/archives,UPSC,Published,2026-09-27
600a5f5ac5cb10c7,Union Public Service Commission,Examination,,,,,,,https://upsconline.nic.in,https://www.upsc.gov.in/exams-related-info/exam-notification/archives,UPSC,Published,2026-09-27
a16426271ecd5e82,Union Public Service Commission,Forthcoming Examinations,,,,,,,https://upsconline.nic.in,https://www.upsc.gov.in/exams-related-info/exam-notification/archives,UPSC,Published,2026-09-27
f1fcda26666e5308,Union Public Service Commission,Name of Examination,,,,,,,https://upsconline.nic.in,https://www.upsc.gov.in/exams-related-info/exam-notification/archives,UPSC,Published,2026-09-27
0ba79e68256911eb,Union Public Service Commission,Name of Examination: CISF AC(EXE) LDCE-2025,,,,,,,https://upsconline.nic.in,https://www.upsc.gov.in/exams-related-info/exam-notification/archives,UPSC,Published,2026-09-27
212bdecc1aa07509,Union Public Service Commission,Name of Examination: CISF AC(EXE) LDCE-2026,,,,,,,https://upsconline.nic.in,https://www.upsc.gov.in/exams-related-info/exam-notification/archives,UPSC,Published,2026-09-27
71f0ad9a6d1089ae,Union Public Service Commission,"Name of Examination: Central Armed Police Forces (ACs) Examination, 2025",,,,,,,https://upsconline.nic.in,https://www.upsc.gov.in/exams-related-info/exam-notification/archives,UPSC,Published,2026-09-27
c08a4a563ddf6781,Union Public Service Commission,"Name of Examination: Central Armed Police Forces (ACs) Examination, 2026",,,,,,,https://upsconline.nic.in,https://www.upsc.gov.in/exams-related-info/exam-notification/archives,UPSC,Published,2026-09-27
4d368dd857cf6b2d,Union Public Service Commission,"Name of Examination: Civil Services (Preliminary) Examination, 2025",,,,,,,https://upsconline.nic.in,https://www.upsc.gov.in/exams-related-info/exam-notification/archives,UPSC,Published,2026-09-27
2a87784a63181542,Union Public Service Commission,"Name of Examination: Civil Services (Preliminary) Examination, 2026",,,,,,,https://upsconline.nic.in,https://www.upsc.gov.in/exams-related-info/exam-notification/archives,UPSC,Published,2026-09-27
dcad90eb1cbb161a,Union Public Service Commission,"Name of Examination: Combined Defence Services Examination (I), 2025",,,,,,,https://upsconline.nic.in,https://www.upsc.gov.in/exams-related-info/exam-notification/archives,UPSC,Published,2026-09-27
77e5181f5373b2af,Union Public Service Commission,"Name of Examination: Combined Defence Services Examination (I), 2026",,,,,,,https://upsconline.nic.in,https://www.upsc.gov.in/exams-related-info/exam-notification/archives,UPSC,Published,2026-09-27
6b66a7c97b27a248,Union Public Service Commission,"Name of Examination: Combined Defence Services Examination (II), 2025",,,,,,,https://upsconline.nic.in,https://www.upsc.gov.in/exams-related-info/exam-notification/archives,UPSC,Published,2026-09-27
aa40f87dc37c5c52,Union Public Service Commission,"Name of Examination: Combined Defence Services Examination (II), 2026",,,,,,,https://upsconline.nic.in,https://www.upsc.gov.in/exams-related-info/exam-notification/archives,UPSC,Published,2026-09-27
57cdf7ddd7a942cc,Union Public Service Commission,"Name of Examination: Combined Geo-Scientist (Preliminary) Examination, 2026",,,,,,,https://upsconline.nic.in,https://www.upsc.gov.in/exams-related-info/exam-notification/archives,UPSC,Published,2026-09-27
a72f23cf67eae447,Union Public Service Commission,"Name of Examination: Combined Geo-Scientist (Preliminary) Examination, 2027",,,,,,,https://upsconline.nic.in,https://www.upsc.gov.in/exams-related-info/exam-notification/archives,UPSC,Published,2026-09-27
2ebe86f0a99b1c25,Union Public Service Commission,"Name of Examination: Combined Medical Services Examination, 2025",,,,,,,https://upsconline.nic.in,https://www.upsc.gov.in/exams-related-info/exam-notification/archives,UPSC,Published,2026-09-27
c8aa2a0a3be0ac7c,Union Public Service Commission,"Name of Examination: Combined Medical Services Examination, 2026",,,,,,,https://upsconline.nic.in,https://www.upsc.gov.in/exams-related-info/exam-notification/archives,UPSC,Published,2026-09-27
f06b58d3bf303f1e,Union Public Service Commission,"Name of Examination: Combined Section Officer (Grade-B) LDCE, 2024",,,,,,,https://upsconline.nic.in,https://www.upsc.gov.in/exams-related-info/exam-notification/archives,UPSC,Published,2026-09-27
3701a2c45237153c,Union Public Service Commission,"Name of Examination: Combined Section Officers' (Grade 'B') LDCE-2025 and Combined Stenographers' (Grade 'B'-Grade-'I') LDCE-2019, 2020 & 2021",,,,,,,https://upsconline.nic.in,https://www.upsc.gov.in/exams-related-info/exam-notification/archives,UPSC,Published,2026-09-27
973c81118e32e7d1,Union Public Service Commission,"Name of Examination: Engineering Services (Preliminary) Examination, 2025",,,,,,,https://upsconline.nic.in,https://www.upsc.gov.in/exams-related-info/exam-notification/archives,UPSC,Published,2026-09-27
f84151086c505af2,Union Public Service Commission,"Name of Examination: Engineering Services (Preliminary) Examination, 2026",,,,,,,https://upsconline.nic.in,https://www.upsc.gov.in/exams-related-info/exam-notification/archives,UPSC,Published,2026-09-27
e31bb557da19be3a,Union Public Service Commission,"Name of Examination: Indian Economic Service - Indian Statistical Service Examination, 2025",,,,,,,https://upsconline.nic.in,https://www.upsc.gov.in/exams-related-info/exam-notification/archives,UPSC,Published,2026-09-27
5bc094a218de5f9c,Union Public Service Commission,"Name of Examination: Indian Economic Service - Indian Statistical Service Examination, 2026",,,,,,,https://upsconline.nic.in,https://www.upsc.gov.in/exams-related-info/exam-notification/archives,UPSC,Published,2026-09-27
0c45f4f8ded02d47,Union Public Service Commission,"Name of Examination: Indian Forest Service (Preliminary) Examination, 2025 through CS(P) Examination 2025",,,,,,,https://upsconline.nic.in,https://www.upsc.gov.in/exams-related-info/exam-notification/archives,UPSC,Published,2026-09-27
353d74d3b8eebe66,Union Public Service Commission,"Name of Examination: Indian Forest Service (Preliminary) Examination, 2026 through CS(P) Examination, 2026",,,,,,,https://upsconline.nic.in,https://www.upsc.gov.in/exams-related-info/exam-notification/archives,UPSC,Published,2026-09-27
26c2e296070079f6,Union Public Service Commission,"Name of Examination: National Defence Academy and Naval Academy Examination (I), 2025",,,,,,,https://upsconline.nic.in,https://www.upsc.gov.in/exams-related-info/exam-notification/archives,UPSC,Published,2026-09-27
641da92514dabcb9,Union Public Service Commission,"Name of Examination: National Defence Academy and Naval Academy Examination (I), 2026",,,,,,,https://upsconline.nic.in,https://www.upsc.gov.in/exams-related-info/exam-notification/archives,UPSC,Published,2026-09-27
2cf5fdf3defabc1d,Union Public Service Commission,"Name of Examination: National Defence Academy and Naval Academy Examination (II), 2025",,,,,,,https://upsconline.nic.in,https://www.upsc.gov.in/exams-related-info/exam-notification/archives,UPSC,Published,2026-09-27
7241f7cedfba8318,Union Public Service Commission,"Name of Examination: National Defence Academy and Naval Academy Examination (II), 2026",,,,,,,https://upsconline.nic.in,https://www.upsc.gov.in/exams-related-info/exam-notification/archives,UPSC,Published,2026-09-27
b725d3ce80bfe58d,Uttar Pradesh Public Service Commission,"03 Oct 2026 NOTICE REGARDING ADMIT CARD FOR ADVT.NO.D-6/E-1/2025, VETERINARY OFFICER (SCREENING) EXAM-2025, (EXAM. DATED:-03/10/2026)",,,,,,,https://uppsc.up.nic.in/,,Uttar Pradesh,Published,2026-09-27
a51832982cb9d6ac,Uttar Pradesh Public Service Commission,"04 Oct 2026 NOTICE REGARDING ADMIT CARD FOR ADVT.NO.D-6/E-1/2025, SWASTHYA SHIKSHA ADHIKARI (SCREENING) EXAM-2025, (EXAM. DATED:-04/10/2026)",,,,,,,https://uppsc.up.nic.in/,,Uttar Pradesh,Published,2026-09-27
2cf08bb03de579c2,Uttar Pradesh Public Service Commission,"05 Oct 2026 NOTICE REAGARDING DOCUMENTS FOR APPOINTMENT FOR ADVT. NO. A-4/E-1/2025, COMPUTER ASSISTANT (U.P. PUBLIC SERVICE COMMISSION) EXAMINATION-2025",,,,,,,https://uppsc.up.nic.in/,,Uttar Pradesh,Published,2026-09-27
0c4d36484c7934b8,Uttar Pradesh Public Service Commission,"17 Oct 2026 LIST OF CANDIDATES PROVISIONALLY QUALIFIED FOR INTERVIEW IN ADVT. NO. A-1/E-1/2025, COMBINED STATE/UPPER SUBORDINATE SERVICES (M.) EXAM.-2025",,,,,,,https://uppsc.up.nic.in/,,Uttar Pradesh,Published,2026-09-27
cd478d11751a116b,Uttar Pradesh Public Service Commission,"18 Oct 2026 LIST OF PROVISIONALLY SELECTED CANDIDATES IN ADVT. NO. A-5/E-1/2025, ASSISTANT TEACHER TRAINED GRADUATE (M./F.) EXAM 2025, SUBJECT- SCIENCE",,,,,,,https://uppsc.up.nic.in/,,Uttar Pradesh,Published,2026-09-27
8c2b734e55c33b12,Uttar Pradesh Public Service Commission,"24 Oct 2026 FORMAT OF PREFERENCE SHEET FOR ADVT. NO. A-1/E-1/2025, COMBINED STATE/UPPER SUBORDINATE SERVICES (M.) EXAM.-2025",,,,,,,https://uppsc.up.nic.in/,,Uttar Pradesh,Published,2026-09-27
459c6691c7e6118e,Uttar Pradesh Public Service Commission,"CLICK HERE FOR DOWNLOAD INTERVIEW LETTER FOR ADVT. NO. A-1/E-1/2025, COMBINED STATE/UPPER SUBORDINATE SERVICES EXAM.-2025.",,,,,,,https://uppsc.up.nic.in/,,Uttar Pradesh,Published,2026-09-27
111e008f4179f13b,Uttar Pradesh Public Service Commission,"CLICK HERE TO DOWNLOAD ADMIT CARD FOR ADVT. NO. A-7/E-1/2025, ASSISTANT PROFESSOR, GOVT. DEGREE COLLEGE MAINS EXAM-2025.",,,,,,,https://uppsc.up.nic.in/,,Uttar Pradesh,Published,2026-09-27
5b72143004dd26d0,Uttar Pradesh Public Service Commission,"Click here to view List of Candidates who are not selected in P.C.S. Examination-2022, but Qualified for Interview in P.C.S - 2022 (In Merit Order).",,,,,,,https://uppsc.up.nic.in/,https://uppsc.up.nic.in/Open_PDF.aspx?I4PnQ0tBagk9q6upnHHyW7Pdh9qfF6wa,Uttar Pradesh,Published,2026-09-27
0e0abc31d1dd297b,Uttar Pradesh Public Service Commission,"FILL ONLINE DETAILS FOR ADVT NO. A-10/E-1/2025, ASSISTANT TOWN PLANNER (SPL. RECT.) (MAIN.) EXAM.-2025.",,,,,,,https://uppsc.up.nic.in/,,Uttar Pradesh,Published,2026-09-27
b9b7c42ca65bedfd,Uttar Pradesh Public Service Commission,"NOTICE REGARDING ADVT.NO. A-2-E-1-2020, REGIONAL INSPECTOR (TECHNICAL) EXAM-2020",,,,,,,https://uppsc.up.nic.in/,,Uttar Pradesh,Published,2026-09-27
9790dee5492cc482,Uttar Pradesh Public Service Commission,UPPSC Exam Calendar 2026,,,,,,,https://uppsc.up.nic.in/,,Uttar Pradesh,Published,2026-09-27
93ba3dd92ce675d6,Uttar Pradesh Public Service Commission,{{'ActiveExam_HM' | translate }},,,,,,,https://uppsc.up.nic.in/,https://uppsc.up.nic.in/FooterPages/Upcoming-Exams,Uttar Pradesh,Published,2026-09-27
d6bce145f6ddf1d7,Uttar Pradesh Public Service Commission,{{'ExamCal_HM' | translate }},,,,,,,https://uppsc.up.nic.in/,https://uppsc.up.nic.in/PublicPages/Examinations_Details.aspx?ID=EC,Uttar Pradesh,Published,2026-09-27
ccbde741f825060a,Uttar Pradesh Public Service Commission,{{'ExaminationAndInterviewOnly_HM' | translate }},,,,,,,https://uppsc.up.nic.in/,https://uppsc.up.nic.in/PublicPages/Recruitment_Details.aspx?ID=EI,Uttar Pradesh,Published,2026-09-27
2fdfe336e0b8cc7d,Uttar Pradesh Public Service Commission,{{'ExaminationOnly_HM' | translate }},,,,,,,https://uppsc.up.nic.in/,https://uppsc.up.nic.in/PublicPages/Recruitment_Details.aspx?ID=EO,Uttar Pradesh,Published,2026-09-27
4f4f44e13f25a469,Uttar Pradesh Public Service Commission,{{'Examinations_HM' | translate }},,,,,,,https://uppsc.up.nic.in/,https://uppsc.up.nic.in/#,Uttar Pradesh,Published,2026-09-27
7aff18f87e02c88c,Uttar Pradesh Public Service Commission,{{'ForthcomExam_HM' | translate }},,,,,,,https://uppsc.up.nic.in/,https://uppsc.up.nic.in/FooterPages/Upcoming-Exams,Uttar Pradesh,Published,2026-09-27
4dfd1f09013320a2,Uttar Pradesh Public Service Commission,{{'OnlineNotifications_HM' | translate }},,,,,,,https://uppsc.up.nic.in/,https://uppsc.up.nic.in/CandidatePages/Notifications.aspx,Uttar Pradesh,Published,2026-09-27
7cf265b39f66de8c,Uttar Pradesh Public Service Commission,{{'PreExamMainExamInt_HM' | translate }},,,,,,,https://uppsc.up.nic.in/,https://uppsc.up.nic.in/PublicPages/Recruitment_Details.aspx?ID=EIM,Uttar Pradesh,Published,2026-09-27
f0e805b66f674501,Uttar Pradesh Public Service Commission,{{'Recruitment_HM' | translate }},,,,,,,https://uppsc.up.nic.in/,https://uppsc.up.nic.in/#,Uttar Pradesh,Published,2026-09-27
d89ffa101d07cdeb,Uttarakhand Public Service Commission,"01-09-2026 Asst. Review Officer, Asst. Librarian, Translator & Typist in the Establishment of High Court Uttarakhand, Exam-2025-- Notification regarding Online Objection on Structure of Questions and Options and Instructions ( Answer Key )",,,,,,,https://psc.uk.gov.in/,https://psc.uk.gov.in/candidate-corner/answerkey,Uttarakhand,Published,2026-09-27
678d677cfa53e14d,Uttarakhand Public Service Commission,01-09-2026 Exam Calendar -2026-27 (Updated) ( Exam Calendar ),,,,,,,https://psc.uk.gov.in/,https://psc.uk.gov.in/exam%20calendar,Uttarakhand,Published,2026-09-27
25a05b3f4ede2310,Uttarakhand Public Service Commission,07-08-2026 Tax and Revenue Inspector Examination- 2026- Notification regarding extension of Online Application ( Recruitment Notifications ),,,,,,,https://psc.uk.gov.in/,https://psc.uk.gov.in/candidate-corner/recruitment,Uttarakhand,Published,2026-09-27
d5fa8fe13fdfc324,Uttarakhand Public Service Commission,"07-08-2026 Uttarakhand Combined State Civil Lower Subordinate Services Examination-2024-- Interview Programme, Disqualified Candidates List, Candidature Cancelled List , Medical Certificate Format , Interview Memo and Notification ( Interview )",,,,,,,https://psc.uk.gov.in/,https://psc.uk.gov.in/candidate-corner/interview,Uttarakhand,Published,2026-09-27
b3611842ba1e80de,Uttarakhand Public Service Commission,"09-09-2026 Uttarakhand Combined State Civil/Upper Subordinate Services Examination-2026-- Notification, Advertisement and Online Application ( Recruitment Notification )",,,,,,,https://psc.uk.gov.in/,https://psc.uk.gov.in/candidate-corner/recruitment,Uttarakhand,Published,2026-09-27
c9c2b8c424e637d2,Uttarakhand Public Service Commission,"09-09-2026 Uttarakhand Special Subordinate Education (Lecturer-Group 'C') Services General/Women Branch Exam-2025-- Notification, Provisional Answer Key and Online Answer Key Objection (Subject-Hindi) ( Answer Key )",,,,,,,https://psc.uk.gov.in/,https://psc.uk.gov.in/candidate-corner/answerkey,Uttarakhand,Published,2026-09-27
f60d2f98735e2506,Uttarakhand Public Service Commission,10-09-2026 Chief Fire Officer Exam-2026-- Final Rejection List ( Recruitment Notification ),,,,,,,https://psc.uk.gov.in/,https://psc.uk.gov.in/candidate-corner/recruitment,Uttarakhand,Published,2026-09-27
a0186b45a3662f25,Uttarakhand Public Service Commission,10-09-2026 Uttarakhand Combined State Civil Lower Subordinate Services Examination-2024 --Candidature Cancelled List ( Recruitment Notification ),,,,,,,https://psc.uk.gov.in/,https://psc.uk.gov.in/candidate-corner/recruitment,Uttarakhand,Published,2026-09-27
ba225c1a45743d82,Uttarakhand Public Service Commission,"14-09-2026 Additional Private Secretary Exam-2024 -- Notification, Selection Result, Cut Off Marks, Final Answer Key (General Studies) and Marks Of Candidates ( Results )",,,,,,,https://psc.uk.gov.in/,https://psc.uk.gov.in/candidate-corner/results,Uttarakhand,Published,2026-09-27
a5cb762e01e386f4,Uttarakhand Public Service Commission,14-09-2026 Additional Private Secretary Exam-2024-- Office Memo ( Representation Disposal) ( Recruitment Notification ),,,,,,,https://psc.uk.gov.in/,https://psc.uk.gov.in/candidate-corner/recruitment,Uttarakhand,Published,2026-09-27
3f1cfa71a6bdf909,Uttarakhand Public Service Commission,"15-09-2026 Uttarakhand Special Subordinate Education (Lecturer-Group 'C') Services General/Women Branch Exam-2025-- Notification (Subject-History), Provisional Answer Key (History-I), Provisional Answer Key (History-II), Instructions and Online Answer Key Objection ( Answer Key )",,,,,,,https://psc.uk.gov.in/,https://psc.uk.gov.in/candidate-corner/answerkey,Uttarakhand,Published,2026-09-27
56fa8d8ae0865a8b,Uttarakhand Public Service Commission,"17-08-2026 Assistant Conservator of Forest, Logging Officer and Forest Range Officer Combined Examination-2025-- Notification and Mains (Written) Exam Result ( Results )",,,,,,,https://psc.uk.gov.in/,https://psc.uk.gov.in/candidate-corner/results,Uttarakhand,Published,2026-09-27
0fed0df1e15eee7a,Uttarakhand Public Service Commission,"18-08-2026 Assistant Conservator of Forest, Logging Officer and Forest Range Officer Combined Examination-2025 -- Notification, Document Verification Programme, Checklist, Self Declaration regarding Difference in Name and Format 02,03,04 ( Recruitment Notification )",,,,,,,https://psc.uk.gov.in/,https://psc.uk.gov.in/candidate-corner/recruitment,Uttarakhand,Published,2026-09-27
b528c2cd70c4300c,Uttarakhand Public Service Commission,"23-09-2026 Uttarakhand Special Subordinate Education (Lecturer-Group 'C') Services General/Women Branch Exam-2025-- Notification regarding Admit Card (Subject- Economics, Sociology, Sanskrit) and Notification regarding Scribe ( Admit Card )",,,,,,,https://psc.uk.gov.in/,https://psc.uk.gov.in/candidate-corner/admitcards,Uttarakhand,Published,2026-09-27
70d6292daf807252,Uttarakhand Public Service Commission,"24-08-2026 District Sports Officer Exam-2025-- Notification, Rejection List ( Recruitment Notification )",,,,,,,https://psc.uk.gov.in/,https://psc.uk.gov.in/candidate-corner/recruitment,Uttarakhand,Published,2026-09-27
2ce6eb7595634d05,Uttarakhand Public Service Commission,"24-08-2026 Tax and Revenue Inspector Examination- 2026-- Notification regarding Edit/Correction of Online Application Form, Detailed Notification ( Recruitment Notification )",,,,,,,https://psc.uk.gov.in/,https://psc.uk.gov.in/candidate-corner/recruitment,Uttarakhand,Published,2026-09-27
f52eb2f83a122c72,Uttarakhand Public Service Commission,24-09-2026 Uttarakhand Special Subordinate Education (Lecturer-Group 'C') Services General/Women Branch Exam-2025-- Notification ( Recruitment ),,,,,,,https://psc.uk.gov.in/,https://psc.uk.gov.in/candidate-corner/recruitment,Uttarakhand,Published,2026-09-27
9dfeb446333ce477,Uttarakhand Public Service Commission,"25-08-2026 Veterinary Officers Exam - 2026 -- Notification, Advertisement and Online Application ( Recruitment Notification )",,,,,,,https://psc.uk.gov.in/,https://psc.uk.gov.in/candidate-corner/recruitment,Uttarakhand,Published,2026-09-27
40de612b7f20959a,Uttarakhand Public Service Commission,"25-09-2026 Uttarakhand Combined State Civil Lower Subordinate Services Examination-2024-- Notification, Selection Result, Cut Off Marks and Marks Of Candidates ( Results )",,,,,,,https://psc.uk.gov.in/,https://psc.uk.gov.in/candidate-corner/results,Uttarakhand,Published,2026-09-27
b2fda8f2923aeadf,Uttarakhand Public Service Commission,"27-08-2026 Uttarakhand Special Subordinate Education (Lecturer-Group 'C') Services General/Women Branch Exam-2025-- Notification regarding Online Objection on Structure of Questions and Options (Subjects-English, Physics, Mathematics, Biology, Civics, History, Agriculture) and Instructions ( Answer Key )",,,,,,,https://psc.uk.gov.in/,https://psc.uk.gov.in/candidate-corner/answerkey,Uttarakhand,Published,2026-09-27
630217674734113c,Uttarakhand Public Service Commission,31-08-2026 Syllabus- Junior Engineer under Uttarakhand Combined Engineering Service Examination ( Syllabus ),,,,,,,https://psc.uk.gov.in/,https://psc.uk.gov.in/candidate-corner/syllabus,Uttarakhand,Published,2026-09-27
3d0cc8d15da6a4e6,Uttarakhand Public Service Commission,31-08-2026 Syllabus-- Assistant Engineer under Uttarakhand Combined Engineering Service Examination ( Syllabus ),,,,,,,https://psc.uk.gov.in/,https://psc.uk.gov.in/candidate-corner/syllabus,Uttarakhand,Published,2026-09-27
a2df732508e09785,Uttarakhand Public Service Commission,31-08-2026 Uttarakhand Combined State Civil Lower Subordinate Services Examination-2024-- Notification Regarding Admit Card for Physical Ability Test (Deputy Jailor & Excise Inspector) ( Admit Card ),,,,,,,https://psc.uk.gov.in/,https://psc.uk.gov.in/candidate-corner/admitcards,Uttarakhand,Published,2026-09-27
cbed24b23355ed7d,Uttarakhand Public Service Commission,31-08-2026 Uttarakhand Special Subordinate Education (Lecturer-Group 'C') Services General/Women Branch Exam-2025-- Notification regarding Admit Card (Subject- Commerce and Geography) and Notification regarding Scribe ( Admit Card ),,,,,,,https://psc.uk.gov.in/,https://psc.uk.gov.in/candidate-corner/admitcards,Uttarakhand,Published,2026-09-27
ab8b791ee8cb4127,Uttarakhand Public Service Commission,"Additional Private Secretary Exam-2024 -- Notification, Selection Result, Cut Off Marks, Final Answer Key (General Studies) and Marks Of Candidates ( Results )",,,,,,,https://psc.uk.gov.in/,https://psc.uk.gov.in/candidate-corner/results,Uttarakhand,Published,2026-09-27
a49bcda5cc21fcd9,Uttarakhand Public Service Commission,Additional Private Secretary Exam-2024-- Office Memo ( Representation Disposal) ( Recruitment Notification ),,,,,,,https://psc.uk.gov.in/,https://psc.uk.gov.in/candidate-corner/recruitment,Uttarakhand,Published,2026-09-27
ca237d34194764f2,Uttarakhand Public Service Commission,"Asst. Review Officer, Asst. Librarian, Translator & Typist in the Establishment of High Court Uttarakhand, Exam-2025-- Notification regarding Online Objection on Structure of Questions and Options and Instructions ( Answer Key )",,,,,,,https://psc.uk.gov.in/,https://psc.uk.gov.in/candidate-corner/answerkey,Uttarakhand,Published,2026-09-27
1bffeb7cfc87b1a2,Uttarakhand Public Service Commission,Chief Fire Officer Exam-2026-- Final Rejection List ( Recruitment Notification ),,,,,,,https://psc.uk.gov.in/,https://psc.uk.gov.in/candidate-corner/recruitment,Uttarakhand,Published,2026-09-27
b7503447bee1baa9,Uttarakhand Public Service Commission,Controller Of Examination,,,,,,,https://psc.uk.gov.in/,https://psc.uk.gov.in/controller-of-examination,Uttarakhand,Published,2026-09-27
76efe11f687b55ce,Uttarakhand Public Service Commission,Exam Calendar,,,,,,,https://psc.uk.gov.in/,https://psc.uk.gov.in/exam calendar,Uttarakhand,Published,2026-09-27
e11474d222dfb234,Uttarakhand Public Service Commission,Exam Calendar -2026-27 (Updated) ( Exam Calendar ),,,,,,,https://psc.uk.gov.in/,https://psc.uk.gov.in/exam%20calendar,Uttarakhand,Published,2026-09-27
456703c831fac4ec,Uttarakhand Public Service Commission,Important Recruitment G.Os,,,,,,,https://psc.uk.gov.in/,https://psc.uk.gov.in/candidate-corner/importantrecruitment,Uttarakhand,Published,2026-09-27
ba917074250dcb87,Uttarakhand Public Service Commission,Other Recruitment Bodies,,,,,,,https://psc.uk.gov.in/,https://psc.uk.gov.in/other recruitment bodies,Uttarakhand,Published,2026-09-27
c9feeb167dd20f0d,Uttarakhand Public Service Commission,Recruitment GOs,,,,,,,https://psc.uk.gov.in/,https://psc.uk.gov.in/candidate-corner/importantrecruitment,Uttarakhand,Published,2026-09-27
adc9f03d19f6e920,Uttarakhand Public Service Commission,Recruitment Notifications,,,,,,,https://psc.uk.gov.in/,https://psc.uk.gov.in/candidate-corner/recruitment,Uttarakhand,Published,2026-09-27
50992933b4f62901,Uttarakhand Public Service Commission,Syllabus- Junior Engineer under Uttarakhand Combined Engineering Service Examination ( Syllabus ),,,,,,,https://psc.uk.gov.in/,https://psc.uk.gov.in/candidate-corner/syllabus,Uttarakhand,Published,2026-09-27
46b5f1dba1848e5e,Uttarakhand Public Service Commission,Syllabus-- Assistant Engineer under Uttarakhand Combined Engineering Service Examination ( Syllabus ),,,,,,,https://psc.uk.gov.in/,https://psc.uk.gov.in/candidate-corner/syllabus,Uttarakhand,Published,2026-09-27
5a3a7195d832fa44,Uttarakhand Public Service Commission,Uttarakhand Combined State Civil Lower Subordinate Services Examination-2024 --Candidature Cancelled List ( Recruitment Notification ),,,,,,,https://psc.uk.gov.in/,https://psc.uk.gov.in/candidate-corner/recruitment,Uttarakhand,Published,2026-09-27
d3d2b3ffc26f9185,Uttarakhand Public Service Commission,Uttarakhand Combined State Civil Lower Subordinate Services Examination-2024-- Notification Regarding Admit Card for Physical Ability Test (Deputy Jailor & Excise Inspector) ( Admit Card ),,,,,,,https://psc.uk.gov.in/,https://psc.uk.gov.in/candidate-corner/admitcards,Uttarakhand,Published,2026-09-27
a23e399f19b6a1c6,Uttarakhand Public Service Commission,"Uttarakhand Combined State Civil Lower Subordinate Services Examination-2024-- Notification, Selection Result, Cut Off Marks and Marks Of Candidates ( Results )",,,,,,,https://psc.uk.gov.in/,https://psc.uk.gov.in/candidate-corner/results,Uttarakhand,Published,2026-09-27
00bbfaf70b870c8f,Uttarakhand Public Service Commission,"Uttarakhand Combined State Civil/Upper Subordinate Services Examination-2026-- Notification, Advertisement and Online Application ( Recruitment Notification )",,,,,,,https://psc.uk.gov.in/,https://psc.uk.gov.in/candidate-corner/recruitment,Uttarakhand,Published,2026-09-27
7fd6c399aedcfd86,Uttarakhand Public Service Commission,Uttarakhand Special Subordinate Education (Lecturer-Group 'C') Services General/Women Branch Exam-2025-- Notification ( Recruitment ),,,,,,,https://psc.uk.gov.in/,https://psc.uk.gov.in/candidate-corner/recruitment,Uttarakhand,Published,2026-09-27
51751e38a1a13c38,Uttarakhand Public Service Commission,"Uttarakhand Special Subordinate Education (Lecturer-Group 'C') Services General/Women Branch Exam-2025-- Notification (Subject-History), Provisional Answer Key (History-I), Provisional Answer Key (History-II), Instructions and Online Answer Key Objection ( Answer Key )",,,,,,,https://psc.uk.gov.in/,https://psc.uk.gov.in/candidate-corner/answerkey,Uttarakhand,Published,2026-09-27
06b4dd8891ea15a4,Uttarakhand Public Service Commission,Uttarakhand Special Subordinate Education (Lecturer-Group 'C') Services General/Women Branch Exam-2025-- Notification regarding Admit Card (Subject- Commerce and Geography) and Notification regarding Scribe ( Admit Card ),,,,,,,https://psc.uk.gov.in/,https://psc.uk.gov.in/candidate-corner/admitcards,Uttarakhand,Published,2026-09-27
7c17385acfa51992,Uttarakhand Public Service Commission,"Uttarakhand Special Subordinate Education (Lecturer-Group 'C') Services General/Women Branch Exam-2025-- Notification regarding Admit Card (Subject- Economics, Sociology, Sanskrit) and Notification regarding Scribe ( Admit Card )",,,,,,,https://psc.uk.gov.in/,https://psc.uk.gov.in/candidate-corner/admitcards,Uttarakhand,Published,2026-09-27
b152b189dc2cb5bf,Uttarakhand Public Service Commission,"Uttarakhand Special Subordinate Education (Lecturer-Group 'C') Services General/Women Branch Exam-2025-- Notification, Provisional Answer Key and Online Answer Key Objection (Subject-Hindi) ( Answer Key )",,,,,,,https://psc.uk.gov.in/,https://psc.uk.gov.in/candidate-corner/answerkey,Uttarakhand,Published,2026-09-27
